entity,customer_code,document_no,invoice_date,due_date,cleared_date,amount,currency
E01,C-1001,INV-24001,01/05/2026,31/05/2026,28/05/2026,"1,250,000.00",THB
E01,C-1001,INV-24188,15/07/2026,14/08/2026,,"2,480,000.00",THB
E02,K-4471,INV-90233,02/06/2026,02/07/2026,,"3,100,000.00",THB
E01,C-1002,INV-24211,20/07/2026,19/08/2026,,"640,000.00",THB
E02,K-4490,INV-90410,10/03/2026,09/04/2026,,"5,900,000.00",THB
E01,C-1003,INV-24240,01/08/2026,31/08/2026,,"1,900,000.00",THB
E01,C-1004,INV-24255,05/08/2026,04/09/2026,,"2,350,000.00",THB
E01,C-1004,INV-24120,01/06/2026,01/07/2026,26/06/2026,"1,100,000.00",THB
E02,K-4512,INV-90455,18/07/2026,17/08/2026,,"820,000.00",THB
